county_fips,TotalPop,Hispanic,White,Black,Native,Asian,DEMOCRAT,GREEN,LIBERTARIAN,OTHER,REPUBLICAN,votos_totales_dr,margen_perc,segmento_electoral,distancia_al_cero,state_code,state_name,perc_white,perc_hispanic,perc_black,perc_native,perc_asian,Professional,Nodo_Estrategico
1091,20306,2.0833333,45.65,51.65,0.15,0.1,5488.0,0.0,0.0,69.0,5343.0,10831.0,1.3387498845905272,Swing (Campo de Batalla),1.3387498845905272,1,Alabama,0.2248104008667388,0.0102596931941298,0.2543583177385994,0.0007386979217965,0.0004924652811976,28.03333333333333,Nodo B (Industrial)
4013,4018143,29.201862,58.12979,4.901424,1.7875137,3.6398685,1040774.0,0.0,31705.0,0.0,995665.0,2036439.0,2.2150921289564773,Swing (Campo de Batalla),2.2150921289564773,4,Arizona,0.0014466829577742,0.0007267501928129,0.0001219823186979,4.44860648314408e-05,9.058583778626097e-05,35.4,Nodo A (Conocimiento)
5041,12379,5.62,45.94,47.24,0.0,0.04,2016.0,10.0,18.0,199.0,1921.0,3937.0,2.413004826009652,Swing (Campo de Batalla),2.413004826009652,5,Arkansas,0.371112367719525,0.0453994668390015,0.381614023749899,0.0,0.0003231278778576,26.64,Nodo B (Industrial)
5143,216432,15.215625,74.21875,2.928125,0.91875,2.26875,43824.0,313.0,1414.0,1211.0,47504.0,91328.0,-4.029432375613175,Swing (Campo de Batalla),4.029432375613175,5,Arkansas,0.0342919485103866,0.0070302104125083,0.0013529076107045,0.0004244982257706,0.0010482507207806,34.946875,Nodo A (Conocimiento)
6007,222564,15.441176,73.30981,1.3372549,0.7117647,4.3333335,50426.0,507.0,1774.0,629.0,48730.0,99156.0,1.7104360805195853,Swing (Campo de Batalla),1.7104360805195853,6,California,0.0329387546952786,0.0069378587732068,0.0006008406121385,0.0003198022591254,0.0019470055804173,33.06666666666667,Nodo A (Conocimiento)
6027,18373,18.8,67.61667,1.25,8.683333,1.4333333,4634.0,45.0,128.0,57.0,4620.0,9254.0,0.151285930408472,Swing (Campo de Batalla),0.151285930408472,6,California,0.3680219343602025,0.1023240624829913,0.0068034616012627,0.0472613781091819,0.0078013024546889,32.38333333333333,Nodo A (Conocimiento)
6099,527367,44.320213,45.07553,2.31383,0.4968085,4.731915,105841.0,742.0,2494.0,1732.0,104145.0,209986.0,0.8076728924785461,Swing (Campo de Batalla),0.8076728924785461,6,California,0.0085472792192154,0.0084040550508469,0.000438751381865,9.420545843786206e-05,0.0008972717291753,24.67872340425532,Nodo B (Industrial)
8003,16269,43.1,52.1,1.1,1.125,0.85,3759.0,23.0,90.0,123.0,3813.0,7572.0,-0.7131537242472267,Swing (Campo de Batalla),0.7131537242472267,8,Colorado,0.3202409490441945,0.2649210154281148,0.006761325219743,0.0069149917020099,0.0052246603970741,30.475,Nodo A (Conocimiento)
8045,57076,27.89091,68.84545,0.38181818,0.7181818,0.8272727,15427.0,99.0,424.0,237.0,14717.0,30144.0,2.3553609341825905,Swing (Campo de Batalla),2.3553609341825905,8,Colorado,0.1206206636765015,0.0488662660312565,0.000668964503469,0.0012582903497091,0.0014494230499684,30.954545454545453,Nodo A (Conocimiento)
8049,14411,7.3,87.0,1.3333334,0.16666667,1.7333333,4710.0,31.0,174.0,72.0,4883.0,9593.0,-1.8033983112686327,Swing (Campo de Batalla),1.8033983112686327,8,Colorado,0.6037055027409618,0.0506557490805634,0.0092521920754978,0.0011565239747415,0.01202784886545,32.666666666666664,Nodo A (Conocimiento)
8055,6502,36.4,62.35,0.35,0.1,0.2,2076.0,12.0,71.0,44.0,2203.0,4279.0,-2.967983173638701,Swing (Campo de Batalla),2.967983173638701,8,Colorado,0.958935712088588,0.5598277453091357,0.0053829590895109,0.0015379883112888,0.0030759766225776,31.2,Nodo A (Conocimiento)
8101,161519,42.61852,52.262962,1.9722222,0.5037037,0.7259259,43772.0,205.0,1200.0,872.0,42252.0,86024.0,1.766948758486004,Swing (Campo de Batalla),1.766948758486004,8,Colorado,0.0323571604579027,0.0263860722267968,0.0012210465641813,0.0003118541471901,0.0004494368464391,28.13018867924529,Nodo B (Industrial)
9015,117470,10.424,84.612,1.7,0.052,1.16,26706.0,307.0,914.0,14.0,29141.0,55847.0,-4.360126774938672,Swing (Campo de Batalla),4.360126774938672,9,,0.0720286030475866,0.0088737550012769,0.0014471780028943,4.426662126500383e-05,0.0009874861666808,32.176,Nodo A (Conocimiento)
10001,169509,6.778125,63.459373,23.609375,0.4875,2.11875,44552.0,420.0,1044.0,0.0,41009.0,85561.0,4.140905319012167,Swing (Campo de Batalla),4.140905319012167,10,,0.0374371702977423,0.0039986814859388,0.0139280952633783,0.0002875953489195,0.0012499336318425,31.890625,Nodo A (Conocimiento)
12031,890673,7.66763,54.421967,31.510983,0.20462428,3.581503,252556.0,772.0,4788.0,942.0,233762.0,486318.0,3.864549533432857,Swing (Campo de Batalla),3.864549533432857,12,Florida,0.0061102073375975,0.000860880480266,0.0035378846108504,2.2974119570257545e-05,0.0004021119984551,33.22485549132948,Nodo A (Conocimiento)
12103,931477,8.388934,75.990166,10.170492,0.23114754,3.0450819,277450.0,912.0,4268.0,876.0,276209.0,553659.0,0.2241451868388304,Swing (Campo de Batalla),0.2241451868388304,12,Florida,0.0081580292374368,0.000900605597347,0.0010918672173333,2.4815163444722738e-05,0.0003269089735978,37.18893442622951,Nodo A (Conocimiento)
12111,288006,14.827907,61.516277,20.427906,0.16976744,1.3186047,84137.0,209.0,768.0,224.0,86831.0,170968.0,-1.5757334705909878,Swing (Campo de Batalla),1.5757334705909878,12,Florida,0.0213593734158316,0.0051484715596202,0.0070928751484344,5.894579974028319e-05,0.0004578393158475,27.75581395348837,Nodo B (Industrial)
12117,437346,17.923256,63.12093,13.136046,0.14534883,3.5465117,132528.0,406.0,2215.0,425.0,125241.0,257769.0,2.8269497107875656,Swing (Campo de Batalla),2.8269497107875656,12,Florida,0.0144327214608113,0.0040981867903216,0.0030035820608854,3.323428818372639e-05,0.0008109166883885,41.69767441860465,Nodo A (Conocimiento)
13009,45795,1.8555555,50.444443,44.933334,0.21111111,1.3777778,9140.0,0.0,208.0,0.0,8903.0,18043.0,1.3135287923294352,Swing (Campo de Batalla),1.3135287923294352,13,Georgia,0.1101527306474505,0.0040518735669832,0.098118427775958,0.0004609916148051,0.0030085769188776,28.744444444444444,Nodo B (Industrial)
13033,23007,3.5666666,48.533333,47.25,0.06666667,0.18333334,5209.0,0.0,75.0,0.0,5400.0,10609.0,-1.8003581864454707,Swing (Campo de Batalla),1.8003581864454707,13,Georgia,0.2109502890424653,0.0155025279262833,0.2053722780023471,0.0002897668970313,0.0007968589559699,26.25,Nodo B (Industrial)
13225,27086,8.883333,43.266666,46.05,0.083333336,0.8666667,5920.0,0.0,123.0,0.0,6502.0,12422.0,-4.685235871840283,Swing (Campo de Batalla),4.685235871840283,13,Georgia,0.1597381156316916,0.0327967695488444,0.1700140293878756,0.0003076620246621,0.0031996850771616,28.05,Nodo B (Industrial)
13261,31429,4.9625,46.65,45.7375,0.35,0.9375,6318.0,0.0,100.0,0.0,5732.0,12050.0,4.863070539419087,Swing (Campo de Batalla),4.863070539419087,13,Georgia,0.1484297941391708,0.0157895574151261,0.145526424639664,0.001113621177893,0.0029829138693563,33.15,Nodo A (Conocimiento)
13303,20785,1.96,45.76,50.48,0.0,0.66,4730.0,0.0,66.0,0.0,4663.0,9393.0,0.7132971361652294,Swing (Campo de Batalla),0.7132971361652294,13,Georgia,0.2201587683425547,0.0094298773153716,0.2428674524897763,0.0,0.0031753668510945,31.64,Nodo A (Conocimiento)
16001,417501,7.8440676,84.9339,1.1559322,0.5271186,2.6881356,120539.0,0.0,5310.0,2841.0,130699.0,251238.0,-4.043974239565671,Swing (Campo de Batalla),4.043974239565671,16,,0.0203434003750889,0.0018788140866728,0.0002768693248638,0.000126255649687,0.0006438632721837,42.80169491525424,Nodo A (Conocimiento)
16057,38339,3.5428572,90.74286,0.6,0.71428573,1.7428571,10236.0,0.0,608.0,254.0,9472.0,19708.0,3.8765983357012384,Swing (Campo de Batalla),3.8765983357012384,16,,0.2366855160541484,0.0092408701322413,0.001564986045541,0.0018630786666318,0.004545911734787,39.07142857142857,Nodo A (Conocimiento)
17077,59534,4.1571426,74.83572,14.614285,0.31428573,3.1214285,11181.0,194.0,311.0,67.0,10890.0,22071.0,1.318472203343754,Swing (Campo de Batalla),1.318472203343754,17,Illinois,0.125702489333826,0.006982804111936,0.0245477962172876,0.0005279096482682,0.0052431022608929,36.85714285714285,Nodo A (Conocimiento)
17111,307357,12.653846,82.198074,1.2942308,0.021153847,2.3423078,78154.0,781.0,2176.0,508.0,82260.0,160414.0,-2.5596269652274737,Swing (Campo de Batalla),2.5596269652274737,17,Illinois,0.0267435177985209,0.0041169864359685,0.0004210838861649,6.88250047989797e-06,0.0007620805122382,36.20769230769231,Nodo A (Conocimiento)
17113,173114,4.887805,81.39512,7.6,0.107317075,3.812195,43933.0,502.0,1624.0,441.0,40502.0,84435.0,4.063480784035057,Swing (Campo de Batalla),4.063480784035057,17,Illinois,0.0470182192081518,0.0028234602631791,0.0043901706390008,6.199214101690216e-05,0.0022021298104139,39.707317073170735,Nodo A (Conocimiento)
17167,199016,2.1075473,77.50566,15.762264,0.116981134,1.6339623,48917.0,620.0,1449.0,281.0,53485.0,102402.0,-4.4608503740161325,Swing (Campo de Batalla),4.4608503740161325,17,Illinois,0.0389444366282108,0.0010589838505446,0.0079200988865216,5.8779763436105634e-05,0.0008210205712103,37.950943396226414,Nodo A (Conocimiento)
17201,290439,13.478948,67.08947,14.514474,0.10131579,2.4960527,64056.0,645.0,1719.0,428.0,60861.0,124917.0,2.557698311678955,Swing (Campo de Batalla),2.557698311678955,17,Illinois,0.0230993323899338,0.0046408877595639,0.0049974259655211,3.488367264726845e-05,0.0008594068634033,27.292105263157893,Nodo B (Industrial)
18157,180952,8.205405,76.98379,4.9135137,0.105405405,7.8054056,35017.0,10.0,1832.0,8.0,34581.0,69598.0,0.6264547831834247,Swing (Campo de Batalla),0.6264547831834247,18,Indiana,0.0425437629868694,0.0045345754675273,0.0027153685507758,5.825047802732216e-05,0.004313522702153,37.67297297297298,Nodo A (Conocimiento)
19049,74892,7.06,87.293335,1.1666666,0.07333333,2.5933332,26879.0,57.0,744.0,180.0,28162.0,55041.0,-2.330989625915227,Swing (Campo de Batalla),2.330989625915227,19,Iowa,0.1165589582331891,0.0094269080809699,0.00155779869679,9.791877637130804e-05,0.0034627639801313,44.02666666666666,Nodo A (Conocimiento)
19061,95906,2.3038461,91.488464,2.2192307,0.08461539,1.2961539,25657.0,125.0,556.0,230.0,27358.0,53015.0,-3.208525888899368,Swing (Campo de Batalla),3.208525888899368,19,Iowa,0.0953938898504785,0.0024021918336704,0.0023139644026442,8.822742059933685e-05,0.001351483640231,32.81923076923077,Nodo A (Conocimiento)
19101,17318,3.025,83.775,1.225,0.125,7.25,4319.0,32.0,95.0,37.0,4476.0,8795.0,-1.7851051733939738,Swing (Campo de Batalla),1.7851051733939738,19,Iowa,0.4837452361704585,0.0174673749855641,0.0070735650767987,0.0007217923547753,0.0418639565769719,36.35,Nodo A (Conocimiento)
19163,169994,6.9382977,80.38085,8.1957445,0.24468085,1.9638298,46926.0,209.0,1124.0,382.0,43958.0,90884.0,3.2657013335680647,Swing (Campo de Batalla),3.2657013335680647,19,Iowa,0.047284521806652,0.0040814956410226,0.0048211963363412,0.0001439349918232,0.0011552347729919,33.3531914893617,Nodo A (Conocimiento)
20161,75022,8.253846,78.207695,5.6538463,0.3846154,4.4923077,12765.0,0.0,796.0,0.0,11610.0,24375.0,4.7384615384615385,Swing (Campo de Batalla),4.7384615384615385,20,,0.1042463477379968,0.0110019007757724,0.0075362510996774,0.0005126701500893,0.005987987123777,39.77692307692308,Nodo A (Conocimiento)
20177,178792,12.667442,72.1093,8.472093,0.7651163,1.0372093,43015.0,0.0,2199.0,0.0,40443.0,83458.0,3.081789642694529,Swing (Campo de Batalla),3.081789642694529,20,,0.040331390666249,0.0070850161081032,0.0047385190612555,0.0004279365407848,0.0005801206429817,33.14418604651163,Nodo A (Conocimiento)
21073,49778,2.7181818,81.91818,10.981818,0.2090909,1.4454546,12650.0,0.0,365.0,144.0,12900.0,25550.0,-0.9784735812133072,Swing (Campo de Batalla),0.9784735812133072,21,Kentucky,0.1645670376471533,0.0054606087026397,0.0220615894571899,0.0004200468078267,0.0029038020812407,36.43636363636364,Nodo A (Conocimiento)
22047,33229,2.0714285,47.24286,49.285713,0.25714287,0.114285715,8514.0,0.0,141.0,171.0,7893.0,16407.0,3.784969829950631,Swing (Campo de Batalla),3.784969829950631,22,Louisiana,0.1421735833157783,0.0062337972855036,0.148321384934846,0.0007738507628878,0.0003439336573474,23.842857142857145,Nodo B (Industrial)
22093,21650,1.5285715,44.842857,53.057144,0.028571429,0.057142857,6510.0,0.0,47.0,79.0,5954.0,12464.0,4.460847240051348,Swing (Campo de Batalla),4.460847240051348,22,Louisiana,0.2071263602771362,0.007060376443418,0.2450676397228637,0.0001319696489607,0.0002639392933025,23.6,Nodo B (Industrial)
23001,107393,1.7571429,90.685715,1.7392857,0.09642857,0.7,27617.0,603.0,1105.0,768.0,29268.0,56885.0,-2.9023468401160235,Swing (Campo de Batalla),2.9023468401160235,23,,0.0844428547484472,0.0016361801048485,0.001619552205451,8.979036808730551e-05,0.0006518115705865,29.82857142857143,Nodo B (Industrial)
23007,30402,1.3111111,96.31111,0.26666668,0.4,0.44444445,8069.0,183.0,353.0,240.0,8754.0,16823.0,-4.0718064554478985,Swing (Campo de Batalla),4.0718064554478985,23,,0.3167920202618249,0.0043125817380435,0.0008771353200447,0.0013157029142819,0.0014618921452536,28.56666666666667,Nodo B (Industrial)
23011,121112,1.2806451,95.47419,0.65806454,0.58064514,0.7483871,34902.0,730.0,1406.0,856.0,34721.0,69623.0,0.259971561122043,Swing (Campo de Batalla),0.259971561122043,23,,0.0788313214214941,0.0010574056245458,0.0005433520542968,0.000479428248233,0.0006179297674879,35.50967741935484,Nodo A (Conocimiento)
23027,38976,1.075,96.175,0.4125,0.2375,0.525,12345.0,347.0,402.0,276.0,11196.0,23541.0,4.880846183254747,Swing (Campo de Batalla),4.880846183254747,23,,0.2467544129720853,0.0027581075533661,0.0010583435960591,0.0006093493431855,0.0013469827586206,33.6875,Nodo A (Conocimiento)
24029,19923,4.16,79.34,14.46,0.16,0.74,5329.0,68.0,117.0,85.0,5195.0,10524.0,1.273280121626758,Swing (Campo de Batalla),1.273280121626758,24,,0.3982331978115745,0.0208803894995733,0.0725794308086131,0.0008030919038297,0.0037143000552125,35.64,Nodo A (Conocimiento)
24041,37799,5.23,79.6,11.26,0.13,1.29,11062.0,83.0,274.0,190.0,10946.0,22008.0,0.5270810614322065,Swing (Campo de Batalla),0.5270810614322065,24,,0.210587581682055,0.0138363448768485,0.0297891478610545,0.0003439244424455,0.0034127886981137,38.28,Nodo A (Conocimiento)
24045,101182,5.1,62.8,26.421053,0.110526316,2.6526315,22054.0,292.0,538.0,388.0,22944.0,44998.0,-1.9778656829192407,Swing (Campo de Batalla),1.9778656829192407,24,,0.0620663754422723,0.0050404222094839,0.0261124043802257,0.0001092351564507,0.0026216436717993,32.53157894736842,Nodo A (Conocimiento)
26045,108341,5.117857,84.11786,6.267857,0.36785713,1.7821429,31299.0,166.0,895.0,169.0,31798.0,63097.0,-0.7908458405312455,Swing (Campo de Batalla),0.7908458405312455,26,Michigan,0.0776417607369324,0.0047238413896862,0.0057853047322804,0.0003395363989625,0.0016449385735778,33.24285714285714,Nodo A (Conocimiento)
26055,89907,2.3,93.025,1.1625,1.0875,0.8875,28683.0,151.0,796.0,104.0,30502.0,59185.0,-3.073413871758047,Swing (Campo de Batalla),3.073413871758047,26,Michigan,0.1034680280734536,0.0025581990278843,0.0012930027695285,0.0012095832360105,0.0009871311466292,36.75,Nodo A (Conocimiento)
26073,70669,3.8666666,86.55334,2.4,2.5866666,1.6533333,14072.0,102.0,365.0,67.0,14815.0,28887.0,-2.5720912521203307,Swing (Campo de Batalla),2.5720912521203307,26,Michigan,0.1224770974543293,0.005471517355559,0.0033961142792454,0.003660256406628,0.0023395453452008,30.0,Nodo B (Industrial)
26121,171483,5.2547617,73.5,16.864286,0.5809524,0.41428572,45643.0,269.0,1219.0,180.0,45133.0,90776.0,0.5618225081519345,Swing (Campo de Batalla),0.5618225081519345,26,Michigan,0.0428613915081961,0.0030643047415778,0.0098343777517304,0.0003387813369255,0.000241589965186,26.923809523809524,Nodo B (Industrial)
26145,196479,8.7125,65.8375,21.926786,0.2,0.83214283,51088.0,231.0,1007.0,238.0,50785.0,101873.0,0.2974291519833518,Swing (Campo de Batalla),0.2974291519833518,26,Michigan,0.0335086701377755,0.0044343161355666,0.0111598623771497,0.000101792049023,0.0004235276187277,27.023214285714285,Nodo B (Industrial)
27003,338764,4.020482,83.62771,5.0578313,0.5891566,3.9313252,100893.0,731.0,2475.0,2131.0,104902.0,205795.0,-1.9480551033795768,Swing (Campo de Batalla),1.9480551033795768,27,Minnesota,0.024686126625025,0.0011868091060443,0.0014930250262719,0.0001739135799553,0.0011604908431828,35.7421686746988,Nodo A (Conocimiento)
27007,45434,1.84,75.04,0.69,18.71,0.73,11426.0,75.0,256.0,244.0,12188.0,23614.0,-3.226899297027188,Swing (Campo de Batalla),3.226899297027188,27,Minnesota,0.1651626535193907,0.0040498305233965,0.0015186864462737,0.041180613637364,0.0016067262402605,30.67,Nodo A (Conocimiento)
27013,65125,3.0,90.45625,2.65625,0.35625,1.6875,18330.0,139.0,477.0,374.0,16731.0,35061.0,4.560622914349278,Swing (Campo de Batalla),4.560622914349278,27,Minnesota,0.1388963531669865,0.0046065259117082,0.0040786948176583,0.0005470249520153,0.0025911708253358,32.725,Nodo A (Conocimiento)
27017,35443,1.6142857,86.14286,1.1,7.8142858,0.5857143,10098.0,61.0,231.0,188.0,9791.0,19889.0,1.5435667957162251,Swing (Campo de Batalla),1.5435667957162251,27,Minnesota,0.2430461868352001,0.0045545966763535,0.00310357475383,0.0220474728437209,0.0016525528313066,30.12857142857143,Nodo A (Conocimiento)
27019,95715,3.2947369,91.02105,0.9052632,0.18947369,2.7105262,30774.0,141.0,822.0,615.0,34009.0,64783.0,-4.993593998425513,Swing (Campo de Batalla),4.993593998425513,27,Minnesota,0.0950959097320169,0.0034422367445019,0.0009457903149976,0.0001979561092827,0.0028318719114036,46.16842105263158,Nodo A (Conocimiento)
27027,60879,4.276923,89.53077,1.9230769,1.2230769,1.0,16357.0,101.0,410.0,328.0,15043.0,31400.0,4.1847133757961785,Swing (Campo de Batalla),4.1847133757961785,27,Minnesota,0.1470634701621248,0.0070252845808899,0.0031588509995236,0.0020090292218991,0.0016426025394635,34.13076923076923,Nodo A (Conocimiento)
27075,10750,1.1666666,96.23333,0.1,0.13333334,0.0,3647.0,26.0,78.0,58.0,3393.0,7040.0,3.6079545454545454,Swing (Campo de Batalla),3.6079545454545454,27,Minnesota,0.8951937674418604,0.0108527125581395,0.0009302325581395,0.0012403101395348,0.0,28.96666666666667,Nodo B (Industrial)
27087,5496,2.9,47.25,0.5,40.05,0.45,1112.0,6.0,9.0,35.0,1142.0,2254.0,-1.3309671694764862,Swing (Campo de Batalla),1.3309671694764862,27,Minnesota,0.8597161572052401,0.0527656477438136,0.0090975254730713,0.728711790393013,0.0081877729257641,27.15,Nodo B (Industrial)
27103,33086,3.857143,91.42857,2.1285715,0.2,1.2285714,9622.0,78.0,222.0,185.0,9018.0,18640.0,3.240343347639485,Swing (Campo de Batalla),3.240343347639485,27,Minnesota,0.2763361240403796,0.0116579308468838,0.0064334507042253,0.0006044852807834,0.0037132666384573,38.57142857142857,Nodo A (Conocimiento)
27131,64886,8.246154,84.35384,3.3384616,0.3846154,2.376923,17402.0,115.0,372.0,333.0,17464.0,34866.0,-0.1778236677565536,Swing (Campo de Batalla),0.1778236677565536,27,Minnesota,0.1300031439755879,0.0127086798384859,0.0051451185155503,0.0005927556021329,0.0036632293561014,36.08461538461539,Nodo A (Conocimiento)
27169,51213,2.64,92.06,1.5,0.34,2.37,13333.0,80.0,272.0,261.0,13227.0,26560.0,0.3990963855421687,Swing (Campo de Batalla),0.3990963855421687,27,Minnesota,0.1797590455548396,0.0051549411282291,0.0029289438228574,0.000663893933181,0.0046277312401148,31.99,Nodo A (Conocimiento)
28017,17391,4.1,51.6,43.45,0.05,0.375,3810.0,9.0,75.0,72.0,4175.0,7985.0,-4.571070757670633,Swing (Campo de Batalla),4.571070757670633,28,Mississippi,0.296705192340866,0.0235754125697199,0.2498418722327641,0.000287505031338,0.0021562877350353,18.55,Nodo B (Industrial)
28029,28921,2.6166666,45.15,51.1,0.016666668,0.43333334,6470.0,11.0,58.0,94.0,6250.0,12720.0,1.729559748427673,Swing (Campo de Batalla),1.729559748427673,28,Mississippi,0.1561149337851388,0.0090476352823208,0.1766882196327928,5.762825628436085e-05,0.0014983345665779,27.433333333333334,Nodo B (Industrial)
28061,16588,0.525,44.175,54.75,0.025,0.0,4341.0,6.0,30.0,57.0,4302.0,8643.0,0.4512322110378341,Swing (Campo de Batalla),0.4512322110378341,28,Mississippi,0.2663069688931758,0.003164938509766,0.3300578731613214,0.0001507113576079,0.0,23.8,Nodo B (Industrial)
28087,59699,2.3142858,48.557144,47.214287,0.2857143,0.6785714,13087.0,32.0,182.0,140.0,13800.0,26887.0,-2.6518391787852864,Swing (Campo de Batalla),2.6518391787852864,28,Mississippi,0.0813366120035511,0.0038765905626559,0.0790872326169617,0.0004785914336923,0.0011366545503274,28.5,Nodo B (Industrial)
28093,36385,2.8333333,43.35,53.033333,0.16666667,0.06666667,8057.0,27.0,48.0,119.0,7566.0,15623.0,3.1428022786916725,Swing (Campo de Batalla),3.1428022786916725,28,Mississippi,0.1191425037790298,0.0077870916586505,0.145756034079978,0.000458064229765,0.0001832256974027,22.683333333333334,Nodo B (Industrial)
28107,34373,1.45,47.716667,50.316666,0.033333335,0.05,7403.0,11.0,48.0,105.0,8060.0,15463.0,-4.248852098557848,Swing (Campo de Batalla),4.248852098557848,28,Mississippi,0.1388201989933959,0.0042184272539493,0.1463842725394932,9.697534402001572e-05,0.0001454630087568,29.683333333333334,Nodo B (Industrial)
28113,40075,1.3625,47.7125,49.4,0.325,0.5125,8646.0,18.0,91.0,108.0,8479.0,17125.0,0.9751824817518248,Swing (Campo de Batalla),0.9751824817518248,28,Mississippi,0.1190580162195882,0.0033998752339363,0.1232688708671241,0.0008109794135995,0.0012788521522145,26.9125,Nodo B (Industrial)
28149,48020,2.3333333,45.4,50.633335,0.075,0.875,10442.0,25.0,93.0,128.0,10365.0,20807.0,0.3700677656557889,Swing (Campo de Batalla),0.3700677656557889,28,Mississippi,0.0945439400249895,0.004859086422324,0.1054421803415243,0.0001561849229487,0.0018221574344023,35.13333333333333,Nodo A (Conocimiento)
29047,230361,6.663636,82.093185,5.6227274,0.3840909,2.1431818,59400.0,360.0,2019.0,185.0,64605.0,124005.0,-4.197411394701827,Swing (Campo de Batalla),4.197411394701827,29,Missouri,0.0356367549194525,0.0028926927735163,0.0024408330403149,0.0001667343430528,0.0009303579164875,35.50681818181818,Nodo A (Conocimiento)
29095,680905,9.392858,56.493877,29.170408,0.39591837,1.7811224,92182.0,678.0,3102.0,314.0,100142.0,192324.0,-4.138849025602629,Swing (Campo de Batalla),4.138849025602629,29,Missouri,0.0082968809158399,0.0013794667391192,0.0042840642967814,5.814590434788994e-05,0.0002615816303302,33.248979591836736,Nodo A (Conocimiento)
29165,93394,5.426316,82.71579,6.1894736,0.25789472,2.636842,27179.0,182.0,902.0,90.0,28917.0,56096.0,-3.098260125499144,Swing (Campo de Batalla),3.098260125499144,29,Missouri,0.0885664924941645,0.0058101334132813,0.0066272711309077,0.0002761362828447,0.0028233526779022,43.22105263157895,Nodo A (Conocimiento)
30005,6598,2.325,40.225,0.225,55.125,0.0,1589.0,0.0,59.0,0.0,1469.0,3058.0,3.924133420536298,Swing (Campo de Batalla),3.924133420536298,30,,0.609654440739618,0.0352379508942103,0.0034101242800848,0.8354804486207943,0.0,36.575,Nodo A (Conocimiento)
30049,65357,2.8285713,91.73572,0.47857141,2.442857,0.47857141,19743.0,0.0,1113.0,0.0,21409.0,41152.0,-4.048405909797823,Swing (Campo de Batalla),4.048405909797823,30,,0.1403609712808115,0.0043278781155805,0.0007322420092721,0.0037377128693177,0.0007322420092721,44.12857142857143,Nodo A (Conocimiento)
30085,11072,1.6,46.733334,0.06666667,45.433334,0.16666667,1910.0,0.0,111.0,0.0,1996.0,3906.0,-2.2017409114183306,Swing (Campo de Batalla),2.2017409114183306,30,,0.4220857478323699,0.0144508670520231,0.0006021194906069,0.4103444183526011,0.0015052986813583,32.86666666666667,Nodo A (Conocimiento)
31173,6946,4.05,36.45,0.1,57.35,0.7,1122.0,0.0,23.0,0.0,1180.0,2302.0,-2.519548218940052,Swing (Campo de Batalla),2.519548218940052,31,Nebraska,0.5247624532104809,0.0583069392456089,0.0014396775122372,0.8256550532680681,0.0100777425856608,35.0,Nodo A (Conocimiento)
32031,435019,22.26542,65.46822,2.1280375,1.7943925,5.004673,128052.0,0.0,3524.0,3727.0,116653.0,244705.0,4.658261988925441,Swing (Campo de Batalla),4.658261988925441,32,,0.0150495081824012,0.0051182637999719,0.0004891826563897,0.0004124860063583,0.0011504492907206,33.179245283018865,Nodo A (Conocimiento)
33003,47513,1.1090909,96.53636,0.34545454,0.09090909,0.57272726,16649.0,0.0,422.0,0.0,16150.0,32799.0,1.5213878471904632,Swing (Campo de Batalla),1.5213878471904632,33,,0.2031788352661376,0.0023342893523877,0.0007270737271904,0.0001913351924736,0.0012054116978511,32.02727272727273,Nodo A (Conocimiento)
33015,299006,2.525,93.421875,0.675,0.0890625,1.7640625,100064.0,0.0,2876.0,0.0,95858.0,195922.0,2.146772695256276,Swing (Campo de Batalla),2.146772695256276,33,,0.0312441472746366,0.000844464659572,0.0002257479783014,2.978619158143984e-05,0.0005899756192183,42.971875,Nodo A (Conocimiento)
33019,43135,1.45,95.91,0.34,0.32,0.78,12390.0,0.0,482.0,0.0,11508.0,23898.0,3.690685413005272,Swing (Campo de Batalla),3.690685413005272,33,,0.222348440941231,0.0033615393531934,0.0007882230207488,0.0007418569607047,0.0018082763417178,34.44,Nodo A (Conocimiento)
34015,290298,5.5190477,80.58889,9.066667,0.06666667,2.64127,86702.0,446.0,1616.0,550.0,83340.0,170042.0,1.9771585843497488,Swing (Campo de Batalla),1.9771585843497488,34,New Jersey,0.0277607458542601,0.0019011662843009,0.0031232275110403,2.296490847336185e-05,0.0009098478115591,39.25555555555555,Nodo A (Conocimiento)
34019,126250,5.9423075,87.13846,2.1384616,0.053846154,3.4730768,39457.0,410.0,985.0,237.0,43153.0,82610.0,-4.474034620505992,Swing (Campo de Batalla),4.474034620505992,34,New Jersey,0.0690205623762376,0.0047067782178217,0.001693830970297,4.265041900990099e-05,0.002750951920792,50.27307692307692,Nodo A (Conocimiento)
34025,629185,11.34965,74.34056,7.725874,0.058041956,4.4874125,181291.0,1414.0,2708.0,930.0,191808.0,373099.0,-2.8188228861508606,Swing (Campo de Batalla),2.8188228861508606,34,New Jersey,0.0118153738566558,0.0018038653178317,0.0012279177030603,9.22494274339026e-06,0.0007132103435396,42.22027972027972,Nodo A (Conocimiento)
34027,498192,12.343,73.003,3.032,0.061,9.679,153881.0,1005.0,2436.0,866.0,141134.0,295015.0,4.32079724759758,Swing (Campo de Batalla),4.32079724759758,34,New Jersey,0.0146535873719369,0.0024775588528117,0.0006086007001316,1.224427529948293e-05,0.0019428252561261,50.034,Nodo A (Conocimiento)
36007,198093,4.1672726,83.976364,5.7472725,0.20181818,3.4618182,47010.0,432.0,1104.0,1148.0,43800.0,90810.0,3.534852989758837,Swing (Campo de Batalla),3.534852989758837,36,New York,0.0423923934717531,0.0021036950321313,0.0029013001469006,0.0001018805207654,0.0017475722009359,34.32363636363636,Nodo A (Conocimiento)
36023,49043,2.775,92.50833,1.575,0.083333336,0.975,10369.0,113.0,295.0,326.0,10789.0,21158.0,-1.9850647509216373,Swing (Campo de Batalla),1.9850647509216373,36,New York,0.1886269804049507,0.0056582998593071,0.0032114674877148,0.0001699189201313,0.0019880513019187,31.775,Nodo A (Conocimiento)
36033,51280,2.5285714,83.828575,3.9071429,7.571429,0.43571427,9253.0,77.0,173.0,249.0,9668.0,18921.0,-2.193330162253581,Swing (Campo de Batalla),2.193330162253581,36,New York,0.1634722601404056,0.0049309114664586,0.0076192334243369,0.0147648771450858,0.0008496768135725,32.72857142857143,Nodo A (Conocimiento)
36069,109192,4.808,89.496,2.936,0.16,1.064,29025.0,277.0,987.0,757.0,29039.0,58064.0,-0.0241113254340038,Swing (Campo de Batalla),0.0241113254340038,36,New York,0.0819620485017217,0.0044032529855667,0.0026888416733826,0.0001465308813832,0.0009744303611986,38.296,Nodo A (Conocimiento)
36071,375384,19.458227,65.62658,9.624051,0.1607595,2.5265822,84684.0,524.0,1388.0,1713.0,84996.0,169680.0,-0.1838755304101839,Swing (Campo de Batalla),0.1838755304101839,36,New York,0.017482519233638,0.005183552575496,0.0025637882808004,4.2825346844830896e-05,0.0006730660337148,34.321518987341776,Nodo A (Conocimiento)
36087,320688,16.430769,64.57231,10.806154,0.24,6.1,75802.0,323.0,650.0,1420.0,73186.0,148988.0,1.755846108411416,Swing (Campo de Batalla),1.755846108411416,36,New York,0.0201355554308237,0.0051235995734171,0.0033696783166192,7.483909594372099e-05,0.0019021603552362,44.82769230769231,Nodo A (Conocimiento)
36103,1501373,15.945031,72.326706,6.4863353,0.12763976,3.5987577,368000.0,2066.0,4458.0,7532.0,375821.0,743821.0,-1.0514626502881743,Swing (Campo de Batalla),1.0514626502881743,36,New York,0.0048173708998363,0.0010620299552476,0.0004320269047065,8.50153559441924e-06,0.0002396977766351,39.187267080745336,Nodo A (Conocimiento)
36113,65180,2.0947368,94.789474,1.0210526,0.16842106,0.7736842,17642.0,204.0,424.0,425.0,17699.0,35341.0,-0.1612857587504598,Swing (Campo de Batalla),0.1612857587504598,36,New York,0.1454272384166922,0.0032137723227984,0.0015665121202822,0.0002583937710954,0.0011869963178889,34.7,Nodo A (Conocimiento)
37007,26135,2.8833334,44.466667,50.533333,0.18333334,0.9166667,5789.0,14.0,41.0,29.0,5321.0,11110.0,4.212421242124212,Swing (Campo de Batalla),4.212421242124212,37,North Carolina,0.1701422115936483,0.0110324599196479,0.1933550143485747,0.0007014859001339,0.0035074295006696,20.683333333333334,Nodo B (Industrial)
37107,58782,6.24,42.62,48.106667,0.30666667,0.52,13605.0,29.0,126.0,59.0,14590.0,28195.0,-3.4935272211385,Swing (Campo de Batalla),3.4935272211385,37,North Carolina,0.0725051886631962,0.0106154945391446,0.0818391123132931,0.0005217016603722,0.0008846245449287,23.846666666666668,Nodo B (Industrial)
37117,23729,3.45,48.866665,46.566666,0.46666667,0.16666667,5911.0,13.0,59.0,25.0,6532.0,12443.0,-4.990757855822551,Swing (Campo de Batalla),4.990757855822551,37,North Carolina,0.2059364701420203,0.0145391714779383,0.1962436933709806,0.0019666512284546,0.0007023754477643,28.46666666666667,Nodo B (Industrial)
37127,94722,6.85,49.833332,39.566666,0.5611111,0.95555556,25947.0,75.0,287.0,135.0,25827.0,51774.0,0.2317765673890369,Swing (Campo de Batalla),0.2317765673890369,37,North Carolina,0.0526100926922995,0.0072316885200903,0.0417713582905766,0.0005923767445788,0.0010088000253373,29.238888888888887,Nodo B (Industrial)
37129,213091,5.1976743,74.218605,17.2,0.43023255,1.1674418,66138.0,362.0,1521.0,478.0,63331.0,129469.0,2.168086568985626,Swing (Campo de Batalla),2.168086568985626,37,North Carolina,0.0348295352689696,0.0024391805848205,0.008071668911404,0.0002019008545644,0.0005478606792403,39.77441860465116,Nodo A (Conocimiento)
37139,40018,4.83,54.13,38.0,0.1,1.12,9832.0,48.0,161.0,86.0,9770.0,19602.0,0.3162942556881951,Swing (Campo de Batalla),0.3162942556881951,37,North Carolina,0.1352641311409865,0.0120695686940876,0.094957269228847,0.0002498875506022,0.0027987405667449,29.55,Nodo B (Industrial)
37165,35932,2.8,44.1,38.92857,10.357142,0.82857144,7186.0,31.0,54.0,31.0,7473.0,14659.0,-1.9578415990176683,Swing (Campo de Batalla),1.9578415990176683,37,North Carolina,0.1227318267839251,0.0077924969386619,0.1083395580541022,0.0288242847601024,0.0023059430034509,30.642857142857142,Nodo A (Conocimiento)
37195,81581,10.863158,44.326317,41.978947,0.29473683,0.58947366,20754.0,56.0,245.0,99.0,19581.0,40335.0,2.9081442915582003,Swing (Campo de Batalla),2.9081442915582003,37,North Carolina,0.0543341182383153,0.0133157941187286,0.0514567693458035,0.0003612812174403,0.0007225624348806,25.11578947368421,Nodo B (Industrial)
38017,162500,2.4636364,88.621216,3.1515152,1.1454545,2.5878787,40311.0,0.0,2495.0,628.0,42619.0,82930.0,-2.783070059085976,Swing (Campo de Batalla),2.783070059085976,38,North Dakota,0.0545361329230769,0.0015160839384615,0.0019393939692307,0.000704895076923,0.0015925407384615,36.18181818181818,Nodo A (Conocimiento)
39093,303152,10.771233,76.3274,8.971232,0.19178082,0.8452055,75667.0,0.0,1677.0,573.0,79520.0,155187.0,-2.482811060204785,Swing (Campo de Batalla),2.482811060204785,39,Ohio,0.0251779305430938,0.0035530799730828,0.0029593180978519,6.326226447458701e-05,0.000278805846572,28.839726027397266,Nodo B (Industrial)
39099,234550,6.484286,67.042854,23.082857,0.27714285,0.6357143,57641.0,0.0,966.0,456.0,59903.0,117544.0,-1.9243857619274485,Swing (Campo de Batalla),1.9243857619274485,39,Ohio,0.0285836086122362,0.0027645644851843,0.0098413374547004,0.0001181593903218,0.0002710357279897,26.492857142857144,Nodo B (Industrial)
39113,533763,2.475658,68.88684,24.015131,0.2111842,1.6519737,135064.0,0.0,3418.0,989.0,129034.0,264098.0,2.283243341486872,Swing (Campo de Batalla),2.283243341486872,39,Ohio,0.0129058851962387,0.0004638122162832,0.0044992123845227,3.9565162815706594e-05,0.0003094957312515,33.36907894736842,Nodo A (Conocimiento)
40109,754480,16.599167,55.650417,16.434584,2.67875,3.11875,141724.0,0.0,5272.0,2694.0,145050.0,286774.0,-1.1597983080753484,Swing (Campo de Batalla),1.1597983080753484,40,,0.007375996315343,0.0022000804527621,0.0021782663556356,0.0003550458593998,0.0004133641713498,32.888333333333335,Nodo A (Conocimiento)
41029,208363,11.585366,82.65854,0.63414633,0.5682927,1.0243902,59478.0,637.0,2168.0,1013.0,63869.0,123347.0,-3.5598757975467583,Swing (Campo de Batalla),3.5598757975467583,41,,0.0396704501279017,0.0055601839098112,0.0003043468994015,0.0002727416575879,0.0004916372868503,32.57560975609756,Nodo A (Conocimiento)
41047,323259,23.47069,69.10862,0.90689653,0.65172416,1.6982758,80872.0,844.0,3272.0,1544.0,79002.0,159874.0,1.1696711160038529,Swing (Campo de Batalla),1.1696711160038529,41,,0.0213787149004358,0.007260645488602,0.0002805479599949,0.0002016105228315,0.0005253607169483,30.70689655172414,Nodo A (Conocimiento)
41053,77264,12.125,79.958336,0.75,1.1,1.9916667,22917.0,212.0,981.0,449.0,23732.0,46649.0,-1.7470899697742717,Swing (Campo de Batalla),1.7470899697742717,41,,0.1034871816110996,0.0156929488506937,0.0009706978670532,0.0014236902050113,0.0025777421567612,32.291666666666664,Nodo A (Conocimiento)
41057,25430,9.675,86.0,0.2125,0.7875,0.9875,8066.0,89.0,261.0,118.0,8354.0,16420.0,-1.7539585870889158,Swing (Campo de Batalla),1.7539585870889158,41,,0.3381832481321274,0.0380456154148643,0.0008356272119543,0.0030967361384191,0.0038832088084939,27.0625,Nodo B (Industrial)
41065,25492,17.2,76.1375,0.4125,2.7625,1.175,6604.0,75.0,296.0,120.0,7035.0,13639.0,-3.160055722560305,Swing (Campo de Batalla),3.160055722560305,41,,0.2986721324337047,0.0674721481249019,0.0016181547152047,0.0108367330927349,0.0046092891887651,27.375,Nodo B (Industrial)
41071,101119,15.452941,78.1647,0.9588235,0.9588235,1.2352941,27174.0,254.0,1448.0,496.0,29551.0,56725.0,-4.1903922432789775,Swing (Campo de Batalla),4.1903922432789775,41,,0.0772997161759906,0.0152819361346532,0.0009482129965683,0.0009482129965683,0.0012216241260297,31.61176470588235,Nodo A (Conocimiento)
42017,626583,4.716197,86.02324,3.715493,0.11197183,3.9225352,204712.0,0.0,4155.0,0.0,187367.0,392079.0,4.423853356083851,Swing (Campo de Batalla),4.423853356083851,42,Pennsylvania,0.0137289457262645,0.0007526851191302,0.000592976987885,1.7870231078723806e-05,0.0006260200484213,41.61197183098592,Nodo A (Conocimiento)
42027,157823,2.9709678,86.55484,3.9322581,0.16774194,4.9064517,40055.0,0.0,1066.0,0.0,36372.0,76427.0,4.818977586455048,Swing (Campo de Batalla),4.818977586455048,42,Pennsylvania,0.0548429823283044,0.0018824682080558,0.0024915621297276,0.0001062848507505,0.0031088318559398,45.2,Nodo A (Conocimiento)
42049,279858,4.4535213,82.11127,8.784507,0.20985915,1.6154929,68286.0,0.0,1928.0,0.0,66869.0,135155.0,1.0484258813954348,Swing (Campo de Batalla),1.0484258813954348,42,Pennsylvania,0.0293403333118938,0.0015913503633985,0.0031389158073022,7.498772591814419e-05,0.0005772545004966,31.765714285714285,Nodo A (Conocimiento)
42095,299616,12.033824,78.43235,4.6294117,0.11911765,2.6220589,85087.0,0.0,2001.0,0.0,83854.0,168941.0,0.7298405952373905,Swing (Campo de Batalla),0.7298405952373905,42,Pennsylvania,0.0261776240254192,0.0040164156787354,0.0015451149805083,3.9756772001495246e-05,0.000875139812293,34.26764705882353,Nodo A (Conocimiento)
45017,14958,3.1666667,53.633335,42.2,0.2,0.0,3905.0,18.0,58.0,5.0,4305.0,8210.0,-4.872107186358099,Swing (Campo de Batalla),4.872107186358099,45,South Carolina,0.3585595333600749,0.0211703884209118,0.2821232785131702,0.0013370771493515,0.0,29.933333333333334,Nodo B (Industrial)
45027,34178,3.1666667,49.208332,46.125,0.09166667,0.28333333,8250.0,42.0,67.0,13.0,8361.0,16611.0,-0.6682318945277226,Swing (Campo de Batalla),0.6682318945277226,45,South Carolina,0.1439766282403885,0.0092652194394054,0.134955234361285,0.000268203727544,0.0008289932997834,26.672727272727272,Nodo B (Industrial)
45033,31435,2.6,45.383335,46.816666,2.7166667,0.16666667,6436.0,36.0,38.0,9.0,6582.0,13018.0,-1.1215240436318945,Swing (Campo de Batalla),1.1215240436318945,45,South Carolina,0.144371989820264,0.0082710354700174,0.1489316557976777,0.0086421717830443,0.0005301945920152,18.15,Nodo B (Industrial)
45041,138330,2.3393939,53.645454,41.31818,0.2030303,0.9878788,31153.0,194.0,503.0,45.0,32615.0,63768.0,-2.292685986701794,Swing (Campo de Batalla),2.292685986701794,45,South Carolina,0.0387807807417046,0.001691168871539,0.0298692835971951,0.0001467724282512,0.0007141464613605,31.76875,Nodo A (Conocimiento)
45053,26549,12.025,45.125,41.025,0.0,0.575,7185.0,32.0,92.0,7.0,7078.0,14263.0,0.7501928065624343,Swing (Campo de Batalla),0.7501928065624343,45,South Carolina,0.169968737052243,0.0452936080455007,0.1545255941843384,0.0,0.0021658066217183,21.95,Nodo B (Industrial)
45065,9895,1.2666667,53.766666,42.766666,0.23333333,0.06666667,2687.0,20.0,28.0,4.0,2958.0,5645.0,-4.800708591674048,Swing (Campo de Batalla),4.800708591674048,45,South Carolina,0.5433720667003537,0.012801078322385,0.4322048105103587,0.002358093279434,0.000673740980293,28.366666666666664,Nodo B (Industrial)
46031,4149,0.5,33.75,0.25,64.15,0.35,622.0,0.0,14.0,0.0,647.0,1269.0,-1.970055161544524,Swing (Campo de Batalla),1.970055161544524,46,,0.8134490238611713,0.0120510966497951,0.0060255483248975,1.5461557001687154,0.0084357676548565,43.5,Nodo A (Conocimiento)
48043,9235,48.7,48.0,0.96666664,1.3,0.0,2258.0,14.0,89.0,0.0,2461.0,4719.0,-4.301758847213392,Swing (Campo de Batalla),4.301758847213392,48,Texas,0.5197617758527342,0.52734163508392,0.0104674243638332,0.0140768814293448,0.0,39.63333333333333,Nodo A (Conocimiento)
48085,862215,14.838816,60.513817,8.676316,0.3375,12.989473,230945.0,1246.0,6075.0,272.0,252318.0,483263.0,-4.42264357089204,Swing (Campo de Batalla),4.42264357089204,48,Texas,0.0070184138526933,0.0017210111167168,0.0010062821917967,3.9143369113272216e-05,0.0015065236628915,52.51315789473684,Nodo A (Conocimiento)
48109,2296,78.4,19.2,0.4,0.5,0.0,438.0,2.0,9.0,0.0,415.0,853.0,2.696365767878077,Swing (Campo de Batalla),2.696365767878077,48,Texas,0.8362369337979094,3.414634146341464,0.0174216027874564,0.0217770034843205,0.0,20.1,Nodo B (Industrial)
48131,11577,88.066666,10.4,0.8666667,0.26666668,0.4,2575.0,13.0,22.0,0.0,2443.0,5018.0,2.630530091669988,Swing (Campo de Batalla),2.630530091669988,48,Texas,0.0898332901442515,0.7607036883475857,0.0074861077999481,0.0023034178111773,0.0034551265440096,18.1,Nodo B (Industrial)
48245,252872,19.041666,38.029167,37.3625,0.19861111,3.8541667,46073.0,199.0,897.0,20.0,47570.0,93643.0,-1.59862456350181,Swing (Campo de Batalla),1.59862456350181,48,Texas,0.0150388999177449,0.0075301599228067,0.0147752617925274,7.854215176057452e-05,0.001524157162517,25.543478260869566,Nodo B (Industrial)
48273,32029,71.82,21.98,3.54,0.08,1.92,5314.0,29.0,97.0,0.0,5504.0,10818.0,-1.756332039193936,Swing (Campo de Batalla),1.756332039193936,48,Texas,0.0686253083143401,0.2242342876767928,0.0110524836866589,0.0002497736426363,0.0059945674232726,29.76,Nodo B (Industrial)
48355,352060,62.362965,30.479012,4.2148147,0.20493828,1.6876544,60925.0,368.0,1404.0,8.0,64617.0,125542.0,-2.9408484809864426,Swing (Campo de Batalla),2.9408484809864426,48,Texas,0.0086573345452479,0.0177137320343123,0.0011971864738964,5.821117991251492e-05,0.0004793655626881,27.28395061728395,Nodo B (Industrial)
48439,1914526,28.504213,49.396347,15.321348,0.30337077,4.346629,411567.0,2617.0,10368.0,404.0,409741.0,821308.0,0.2223282860997336,Swing (Campo de Batalla),0.2223282860997336,48,Texas,0.0025800823284719,0.0014888391695908,0.0008002684737632,1.584573779619603e-05,0.0002270342110788,34.13005617977528,Nodo A (Conocimiento)
48491,473592,23.976404,62.820225,6.047191,0.1741573,4.666292,143795.0,790.0,4998.0,243.0,139729.0,283524.0,1.4340937627855137,Swing (Campo de Batalla),1.4340937627855137,48,Texas,0.0132646296812446,0.0050626708221422,0.0012768777766516,3.677369972465751e-05,0.0009852978935454,43.613483146067416,Nodo A (Conocimiento)
50019,27146,1.14,95.86,0.51,0.45,0.48,7757.0,37.0,145.0,417.0,7086.0,14843.0,4.520649464393991,Swing (Campo de Batalla),4.520649464393991,50,,0.3531275326014882,0.0041995137405142,0.0018787298312826,0.0016577027923082,0.0017682163117954,32.96,Nodo A (Conocimiento)
51033,29349,3.0857143,64.24286,28.985714,0.3857143,0.7,7657.0,0.0,259.0,36.0,8336.0,15993.0,-4.245607453260802,Swing (Campo de Batalla),4.245607453260802,51,Virginia,0.2188928413233841,0.0105138652083546,0.0987621861051483,0.0013142331936352,0.0023850897815939,27.75714285714286,Nodo B (Industrial)
51057,11151,0.56666666,55.566666,40.666668,0.76666665,0.0,3038.0,0.0,58.0,7.0,3075.0,6113.0,-0.6052674627842304,Swing (Campo de Batalla),0.6052674627842304,51,Virginia,0.4983110573042776,0.0050817564344005,0.3646907721280603,0.0068753174603174,0.0,22.46666666666667,Nodo B (Industrial)
51065,26014,3.025,77.475,15.9,0.025,0.55,7414.0,0.0,226.0,51.0,8155.0,15569.0,-4.759457897103218,Swing (Campo de Batalla),4.759457897103218,51,Virginia,0.297820404397632,0.0116283539632505,0.0611209348812178,9.610209886983931e-05,0.0021142461751364,42.475,Nodo A (Conocimiento)
51095,70673,5.4545455,74.77273,14.463636,0.36363637,2.8272727,25553.0,0.0,710.0,223.0,23153.0,48706.0,4.927524329651377,Swing (Campo de Batalla),4.927524329651377,51,Virginia,0.1058009848173984,0.0077180047542908,0.0204655752550478,0.0005145336550026,0.0040004990590465,44.86363636363637,Nodo A (Conocimiento)
51103,11129,1.5666667,69.13333,27.8,0.0,0.36666667,3368.0,0.0,71.0,16.0,3697.0,7065.0,-4.656758669497523,Swing (Campo de Batalla),4.656758669497523,51,Virginia,0.6211998382604007,0.0140773357893791,0.2497978255009434,0.0,0.003294695570132,30.5,Nodo A (Conocimiento)
51179,137145,10.185185,68.066666,15.011111,0.37407407,2.5259259,40245.0,0.0,1376.0,372.0,37636.0,77881.0,3.3499826658620204,Swing (Campo de Batalla),3.3499826658620204,51,Virginia,0.0496311684713259,0.0074265813554996,0.0109454307484778,0.0002727580808633,0.001841792190747,45.02222222222222,Nodo A (Conocimiento)
51680,78158,2.5894737,61.452633,30.78421,0.20526315,2.3157895,18048.0,0.0,857.0,362.0,17097.0,35145.0,2.705932565087495,Swing (Campo de Batalla),2.705932565087495,51,Virginia,0.0786261585506282,0.0033131268712096,0.0393871516671358,0.0002626258988203,0.0029629590061158,36.26842105263158,Nodo A (Conocimiento)
53009,72397,5.8190475,80.61905,0.9190476,7.233333,1.3333334,24721.0,241.0,894.0,346.0,23062.0,47783.0,3.471946089613461,Swing (Campo de Batalla),3.471946089613461,53,Washington,0.1113568932414326,0.0080376914789286,0.0012694553641725,0.0099912054366893,0.0018416970316449,30.185714285714283,Nodo A (Conocimiento)
53045,60791,9.257143,77.75714,1.0214286,6.0928574,1.4,17269.0,175.0,888.0,261.0,18710.0,35979.0,-4.005114094332805,Swing (Campo de Batalla),4.005114094332805,53,Washington,0.1279089667878468,0.0152278182625717,0.0016802299682518,0.0100226306525637,0.0023029724794788,27.185714285714287,Nodo B (Industrial)
53049,20645,8.6,84.185715,0.27142859,1.3428571,1.4,6794.0,46.0,201.0,70.0,6953.0,13747.0,-1.156615988943042,Swing (Campo de Batalla),1.156615988943042,53,Washington,0.4077777427948656,0.0416565754419956,0.0013147425042383,0.0065045148946476,0.0067813029789295,25.65714285714285,Nodo B (Industrial)
53063,480832,5.0247617,85.78667,1.7542857,1.3466667,2.1590476,135765.0,1297.0,7147.0,2645.0,148576.0,284341.0,-4.505505713210547,Swing (Campo de Batalla),4.505505713210547,53,Washington,0.0178412980001331,0.0010450139965726,0.0003648437915945,0.0002800701076467,0.000449023276321,34.69619047619047,Nodo A (Conocimiento)
54061,101668,1.95,89.48333,3.6125,0.11666667,2.8041666,20282.0,191.0,796.0,0.0,20803.0,41085.0,-1.2681027138858465,Swing (Campo de Batalla),1.2681027138858465,54,West Virginia,0.0880152358657591,0.0019180076326867,0.0035532320887594,0.0001147525966872,0.0027581604831412,41.5125,Nodo A (Conocimiento)
55021,56607,2.95,93.683334,1.35,0.46666667,0.48333332,16410.0,15.0,421.0,96.0,16927.0,33337.0,-1.5508294087650358,Swing (Campo de Batalla),1.5508294087650358,55,Wisconsin,0.1654977900259685,0.0052113696185984,0.0023848640627484,0.0008243974596781,0.0008538401964421,31.4,Nodo A (Conocimiento)
55029,27731,2.7666667,94.422226,0.62222224,0.9222222,0.44444445,10044.0,10.0,231.0,80.0,9752.0,19796.0,1.4750454637300463,Swing (Campo de Batalla),1.4750454637300463,55,Wisconsin,0.3404934044931665,0.0099768010529732,0.0022437785871407,0.0033256002307886,0.0016026989650571,31.011111111111116,Nodo A (Conocimiento)
55045,37044,3.05,94.6625,0.275,0.1,0.6375,10851.0,10.0,271.0,105.0,10169.0,21020.0,3.2445290199809707,Swing (Campo de Batalla),3.2445290199809707,55,Wisconsin,0.2555407083468308,0.0082334521110031,0.0007423604362379,0.000269949249541,0.0017209264658244,30.75,Nodo A (Conocimiento)
55059,167738,13.205714,75.39429,8.085714,0.36285713,1.1285714,42193.0,35.0,1037.0,501.0,44972.0,87165.0,-3.188206275454598,Swing (Campo de Batalla),3.188206275454598,55,Wisconsin,0.0449476505025694,0.0078728219008215,0.0048204425949993,0.0002163237489418,0.0006728179661138,31.07714285714286,Nodo A (Conocimiento)
55097,70432,2.8714285,92.22143,0.6142857,0.33571428,2.5857143,20428.0,31.0,640.0,205.0,19299.0,39727.0,2.8418959397890604,Swing (Campo de Batalla),2.8418959397890604,55,Wisconsin,0.1309368326896865,0.0040768805372557,0.000872168474557,0.0004766502158109,0.0036712208939118,32.01428571428571,Nodo A (Conocimiento)
55101,194895,12.038636,72.825,11.372727,0.45,1.225,50159.0,43.0,1200.0,570.0,54479.0,104638.0,-4.128519275980046,Swing (Campo de Batalla),4.128519275980046,55,Wisconsin,0.0373662741476179,0.0061769855563252,0.0058353097821904,0.0002308935580697,0.0006285435747453,32.94318181818182,Nodo A (Conocimiento)
55111,62992,4.8153844,91.96923,0.44615385,1.0230769,0.5538462,18108.0,15.0,441.0,146.0,17493.0,35601.0,1.7274795651807535,Swing (Campo de Batalla),1.7274795651807535,55,Wisconsin,0.1460014446278892,0.007644438023876,0.0007082706534163,0.0016241378270256,0.0008792326009652,28.246153846153845,Nodo B (Industrial)
55123,30279,1.5714285,96.457146,0.4857143,0.21428572,0.42857143,7457.0,6.0,182.0,60.0,8218.0,15675.0,-4.8548644338118025,Swing (Campo de Batalla),4.8548644338118025,55,Wisconsin,0.3185612008322599,0.0051898295848607,0.0016041292645067,0.0007077040853396,0.0014154081376531,30.214285714285715,Nodo A (Conocimiento)
55139,169004,3.8536584,89.59024,1.8487805,0.702439,2.390244,44060.0,38.0,1629.0,509.0,47796.0,91856.0,-4.06723567322766,Swing (Campo de Batalla),4.06723567322766,55,Wisconsin,0.0530107216397245,0.0022802172729639,0.0010939270668149,0.0004156345411942,0.0014143120872878,29.31951219512195,Nodo B (Industrial)
56001,37565,9.79,83.05,1.21,0.71,2.97,9092.0,0.0,595.0,478.0,8579.0,17671.0,2.90306151321374,Swing (Campo de Batalla),2.90306151321374,56,,0.2210834553440702,0.0260614934114202,0.003221083455344,0.0018900572341275,0.0079062957540263,39.58,Nodo A (Conocimiento)
